sender,message
Friend 1,"Hey, how's it going?"
Friend 2,"Hey! I'm good, thanks. How about you?"
Friend 1,"I'm doing well too. Have any plans for the weekend?"
Friend 2,"Not much, just thinking of catching a movie. How about you?"
Friend 1,"I'm not sure yet. Maybe we can hang out?"
Friend 2,"Sure, that sounds like fun!"
Friend 1,"Great! I'll text you later to figure out the details."
Friend 2,"Sounds good!"
Friend 1,"See you then!"
Friend 2,"See you!"
Friend 1,"Hey, I was thinking we could go to the movies this weekend. What do you think?"
Friend 2,That sounds great! What movie were you thinking of seeing?
Friend 1,I was thinking we could see the new Marvel movie.
Friend 2,That sounds good to me!
Friend 1,Great! I'll buy the tickets.
Friend 2,Thanks!
Friend 1,No problem!
Friend 2,See you at the movies!
Friend 1,See you there!
Friend 1,"Hey, I just got the tickets. The movie starts at 7,00 pm."
Friend 2,"Okay, I'll be there."
Friend 1,Great! I'll see you then!
Friend 2,See you!
Friend 1,"Hey, I'm running late. I'll be there in 15 minutes."
Friend 2,No problem. I'll wait for you.
Friend 1,I'm here!
Friend 2,Great! Let's go!
Friend 1,I'm excited! I've been wanting to see this movie for a while.
Friend 2,Me too! I've heard great things about it.
Friend 1,I hope it's as good as everyone says.
Friend 2,Me too! Let's find our seats.
Friend 1,"Okay, I'll follow you."
Friend 1,This is going to be a great night!
Friend 2,"I know, right? I can't wait!"
Friend 1,I'm starving! What do you want to eat after the movie?
Friend 2,I'm in the mood for pizza. How about you?
Friend 1,Pizza sounds great! There's a good pizza place right down the street.
Friend 2,Perfect! Let's go there.
Friend 1,This pizza is delicious! I'm so glad we came here.
Friend 2,Me too! I'm stuffed.
Friend 1,Me too! I could sleep for a week.
Friend 2,Me too! Let's go home and relax.
Friend 1,I'm really glad we decided to walk to the movie theater. It was a nice way to get some exercise.
Friend 2,Me too! I didn't realize how much I needed it.
Friend 1,"I know, right? I feel so much better now."
Friend 2,Me too! I'm going to try to walk more often.
Friend 1,That's a great idea! It's a great way to stay healthy.
Friend 2,I know! And it's also a great way to clear your head.
Friend 1,That's true! I always feel better after a walk.
Friend 2,Me too! I'm going to go for a walk tomorrow morning.
Friend 1,That sounds like a great plan! I might join you.
Friend 1,I'm so glad we're finally meeting! I've been looking forward to this for a long time.
Friend 2,Me too! I've been meaning to catch up with you for ages.
Friend 1,"So, what have you been up to lately?"
Friend 2,"Not much, just working and spending time with my family."
Friend 1,"That's great! I've been working too, but I've also been traveling a lot."
Friend 2,"Oh, where have you been?"
Friend 1,"I went to Europe for a few weeks, and then I just got back from Hawaii."
Friend 2,"Wow, that sounds amazing! I've always wanted to go to Hawaii."
Friend 1,"It was incredible! The beaches are so beautiful, and the food is amazing."
Friend 2,I'm so jealous! I'll have to add that to my list of places to visit.
Friend 1,"You definitely should! So, what's new with you?"
Friend 2,"Not much, just trying to get my life together."
Friend 1,"I hear you. It's tough sometimes, but it's worth it in the end."
Friend 2,"Yeah, I know. I'm just trying to stay positive."
Friend 1,"That's the spirit! So, what do you want to talk about?"
Friend 2,I don't know. What do you want to talk about?
Friend 1,"We could talk about our jobs, our families, our hobbies, or anything else you want."
Friend 2,"Okay, let's talk about our jobs."
Friend 1,"Okay, so what do you do?"
Friend 2,I'm a software engineer.
Friend 1,"Oh, that's cool! I'm a project manager."
Friend 2,That's interesting! What kind of projects do you work on?
Friend 1,"I work on a variety of projects, but I mostly work on software development projects."
Friend 2,That sounds like a lot of work.
Friend 1,"It can be, but it's also a lot of fun."
Friend 2,"I'm glad you enjoy it! So, what are your hobbies?"
Friend 1,"I like to read, travel, and spend time with my family."
Friend 2,"Those sound like great hobbies! I like to read too, but I don't get to travel as much as I'd like."
Friend 1,I know what you mean. It's hard to find the time to travel sometimes.
Friend 2,"Yeah, but it's worth it when you can make it happen."
Friend 1,Did you know that the population of the earth is about 8 billion people?
Friend 2,"Wow, that's a lot of people! I wonder how many people there were 100 years ago."
Friend 1,"There were about 2 billion people in 1923. So, the population has quadrupled in the last 100 years."
Friend 2,That's amazing! I wonder how many people there will be in 100 years.
Friend 1,"It's hard to say, but it's possible that the population could reach 10 billion people."
Friend 1,Did you know that the earth is about 4.5 billion years old?
Friend 2,"Wow, that's old! I wonder how the earth was formed."
Friend 1,"The earth was formed by the collision of two smaller planets. The collision caused a lot of heat and pressure, which eventually led to the formation of the earth's crust."
Friend 2,That's fascinating! I wonder what the earth will be like in 4.5 billion years.
Friend 1,"It's hard to say, but it's possible that the earth will be completely different. The sun will eventually die, and the earth will become uninhabitable."
Friend 1,Did you know that the human brain is the most complex organ in the body?
Friend 2,"Wow, that's amazing! I wonder how the brain works."
Friend 1,"The brain is made up of billions of neurons, which are interconnected to form a complex network. This network allows the brain to process information, store memories, and control our thoughts and actions."
Friend 2,"That's incredible! I wonder what else the brain is capable of."
Friend 1,"There's still a lot that we don't know about the brain, but it's an amazing organ that we're still learning about."
Friend1,"Hey! What's up?"
Friend2,"Not much, just hanging out. How about you?"
Friend1,"I'm good. I just finished watching the new episode of Stranger Things."
Friend2,"Oh, I haven't seen it yet. Is it good?"
Friend1,"It's amazing! You have to watch it."
Friend2,"I will. I'm free this weekend, so I'll binge-watch it."
Friend1,"Great! Let me know what you think."
Friend2,"Will do. So, what else have you been up to?"
Friend1,"Not much. I've been working on a project for school."
Friend2,"Oh, what kind of project?"
Friend1,"It's a machine learning model to predict the stock market."
Friend2,"That sounds cool! How's it going?"
Friend1,"It's going well. I'm still in the early stages, but I'm making progress."
Friend2,"That's awesome! I'm sure you'll be successful."
Friend1,"Thanks! I hope so."
Friend2,"So, what are you up to later?"
Friend1,"I'm not sure yet. Maybe we can hang out?"
Friend2,"Sure, that sounds good. I'm free after 6pm."
Friend1,"Okay, I'll text you later."
Friend2,"Sounds good."
Friend1,"Bye!"
Friend2,"Bye!"